timestamp,group,topic,partition,current_offset,log_end_offset,lag
2026-08-20T01:23:40,payments-consumer-group,deposits-commands,0,21753,21753,0
2026-08-20T01:23:40,payments-consumer-group,deposits-join-commands,0,0,0,0
2026-08-20T01:23:40,payments-consumer-group,deposits-purchase-commands,0,0,0,0
2026-08-20T01:23:40,payments-consumer-group,deposits-payment-events,0,19,10568,10549
2026-08-20T01:23:40,payments-consumer-group,payments-events,0,0,0,0
2026-08-20T01:23:40,payments-consumer-group,payments-purchase-commands,0,0,0,0
2026-08-20T01:23:40,payments-consumer-group,deposits-events,0,9000,9000,0
2026-08-20T01:23:46,payments-consumer-group,deposits-commands,0,21934,21934,0
2026-08-20T01:23:46,payments-consumer-group,deposits-join-commands,0,0,0,0
2026-08-20T01:23:46,payments-consumer-group,deposits-purchase-commands,0,0,0,0
2026-08-20T01:23:46,payments-consumer-group,deposits-payment-events,0,19,10724,10705
2026-08-20T01:23:46,payments-consumer-group,payments-events,0,0,0,0
2026-08-20T01:23:46,payments-consumer-group,payments-purchase-commands,0,0,0,0
2026-08-20T01:23:46,payments-consumer-group,deposits-events,0,9000,9000,0
2026-08-20T01:23:52,payments-consumer-group,deposits-commands,0,22114,22114,0
2026-08-20T01:23:52,payments-consumer-group,deposits-join-commands,0,0,0,0
2026-08-20T01:23:52,payments-consumer-group,deposits-purchase-commands,0,0,0,0
2026-08-20T01:23:52,payments-consumer-group,deposits-payment-events,0,19,10868,10849
2026-08-20T01:23:52,payments-consumer-group,payments-events,0,0,0,0
2026-08-20T01:23:52,payments-consumer-group,payments-purchase-commands,0,0,0,0
2026-08-20T01:23:52,payments-consumer-group,deposits-events,0,9000,9000,0
2026-08-20T01:23:58,payments-consumer-group,deposits-commands,0,22294,22295,1
2026-08-20T01:23:58,payments-consumer-group,deposits-join-commands,0,0,0,0
2026-08-20T01:23:58,payments-consumer-group,deposits-purchase-commands,0,0,0,0
2026-08-20T01:23:58,payments-consumer-group,deposits-payment-events,0,20,11018,10998
2026-08-20T01:23:58,payments-consumer-group,payments-events,0,0,0,0
2026-08-20T01:23:58,payments-consumer-group,payments-purchase-commands,0,0,0,0
2026-08-20T01:23:58,payments-consumer-group,deposits-events,0,9000,9000,0
2026-08-20T01:24:04,payments-consumer-group,deposits-commands,0,22476,22477,1
2026-08-20T01:24:04,payments-consumer-group,deposits-join-commands,0,0,0,0
2026-08-20T01:24:04,payments-consumer-group,deposits-purchase-commands,0,0,0,0
2026-08-20T01:24:04,payments-consumer-group,deposits-payment-events,0,20,11174,11154
2026-08-20T01:24:04,payments-consumer-group,payments-events,0,0,0,0
2026-08-20T01:24:04,payments-consumer-group,payments-purchase-commands,0,0,0,0
2026-08-20T01:24:04,payments-consumer-group,deposits-events,0,9000,9000,0
2026-08-20T01:24:10,payments-consumer-group,deposits-commands,0,22657,22658,1
2026-08-20T01:24:10,payments-consumer-group,deposits-join-commands,0,0,0,0
2026-08-20T01:24:10,payments-consumer-group,deposits-purchase-commands,0,0,0,0
2026-08-20T01:24:10,payments-consumer-group,deposits-payment-events,0,20,11323,11303
2026-08-20T01:24:10,payments-consumer-group,payments-events,0,0,0,0
2026-08-20T01:24:10,payments-consumer-group,payments-purchase-commands,0,0,0,0
2026-08-20T01:24:10,payments-consumer-group,deposits-events,0,9000,9000,0
2026-08-20T01:24:16,payments-consumer-group,deposits-commands,0,22838,22838,0
2026-08-20T01:24:16,payments-consumer-group,deposits-join-commands,0,0,0,0
2026-08-20T01:24:16,payments-consumer-group,deposits-purchase-commands,0,0,0,0
2026-08-20T01:24:16,payments-consumer-group,deposits-payment-events,0,20,11483,11463
2026-08-20T01:24:16,payments-consumer-group,payments-events,0,0,0,0
2026-08-20T01:24:16,payments-consumer-group,payments-purchase-commands,0,0,0,0
2026-08-20T01:24:16,payments-consumer-group,deposits-events,0,9000,9000,0
2026-08-20T01:24:22,payments-consumer-group,deposits-commands,0,23018,23018,0
2026-08-20T01:24:22,payments-consumer-group,deposits-join-commands,0,0,0,0
2026-08-20T01:24:22,payments-consumer-group,deposits-purchase-commands,0,0,0,0
2026-08-20T01:24:22,payments-consumer-group,deposits-payment-events,0,20,11638,11618
2026-08-20T01:24:22,payments-consumer-group,payments-events,0,0,0,0
2026-08-20T01:24:22,payments-consumer-group,payments-purchase-commands,0,0,0,0
2026-08-20T01:24:22,payments-consumer-group,deposits-events,0,9000,9000,0
2026-08-20T01:24:28,payments-consumer-group,deposits-commands,0,23198,23199,1
2026-08-20T01:24:28,payments-consumer-group,deposits-join-commands,0,0,0,0
2026-08-20T01:24:28,payments-consumer-group,deposits-purchase-commands,0,0,0,0
2026-08-20T01:24:28,payments-consumer-group,deposits-payment-events,0,21,11786,11765
2026-08-20T01:24:28,payments-consumer-group,payments-events,0,0,0,0
2026-08-20T01:24:28,payments-consumer-group,payments-purchase-commands,0,0,0,0
2026-08-20T01:24:28,payments-consumer-group,deposits-events,0,9000,9000,0
2026-08-20T01:24:34,payments-consumer-group,deposits-commands,0,23379,23379,0
2026-08-20T01:24:34,payments-consumer-group,deposits-join-commands,0,0,0,0
2026-08-20T01:24:34,payments-consumer-group,deposits-purchase-commands,0,0,0,0
2026-08-20T01:24:34,payments-consumer-group,deposits-payment-events,0,21,11936,11915
2026-08-20T01:24:34,payments-consumer-group,payments-events,0,0,0,0
2026-08-20T01:24:34,payments-consumer-group,payments-purchase-commands,0,0,0,0
2026-08-20T01:24:34,payments-consumer-group,deposits-events,0,9000,9000,0
2026-08-20T01:24:40,payments-consumer-group,deposits-commands,0,23560,23560,0
2026-08-20T01:24:40,payments-consumer-group,deposits-join-commands,0,0,0,0
2026-08-20T01:24:40,payments-consumer-group,deposits-purchase-commands,0,0,0,0
2026-08-20T01:24:40,payments-consumer-group,deposits-payment-events,0,21,12082,12061
2026-08-20T01:24:40,payments-consumer-group,payments-events,0,0,0,0
2026-08-20T01:24:40,payments-consumer-group,payments-purchase-commands,0,0,0,0
2026-08-20T01:24:40,payments-consumer-group,deposits-events,0,9000,9000,0
2026-08-20T01:24:46,payments-consumer-group,deposits-commands,0,23741,23741,0
2026-08-20T01:24:46,payments-consumer-group,deposits-join-commands,0,0,0,0
2026-08-20T01:24:46,payments-consumer-group,deposits-purchase-commands,0,0,0,0
2026-08-20T01:24:46,payments-consumer-group,deposits-payment-events,0,21,12241,12220
2026-08-20T01:24:46,payments-consumer-group,payments-events,0,0,0,0
2026-08-20T01:24:46,payments-consumer-group,payments-purchase-commands,0,0,0,0
2026-08-20T01:24:46,payments-consumer-group,deposits-events,0,9000,9000,0
2026-08-20T01:24:52,payments-consumer-group,deposits-commands,0,23921,23922,1
2026-08-20T01:24:52,payments-consumer-group,deposits-join-commands,0,0,0,0
2026-08-20T01:24:52,payments-consumer-group,deposits-purchase-commands,0,0,0,0
2026-08-20T01:24:52,payments-consumer-group,deposits-payment-events,0,21,12387,12366
2026-08-20T01:24:52,payments-consumer-group,payments-events,0,0,0,0
2026-08-20T01:24:52,payments-consumer-group,payments-purchase-commands,0,0,0,0
2026-08-20T01:24:52,payments-consumer-group,deposits-events,0,9000,9000,0
2026-08-20T01:24:58,payments-consumer-group,deposits-commands,0,24101,24101,0
2026-08-20T01:24:58,payments-consumer-group,deposits-join-commands,0,0,0,0
2026-08-20T01:24:58,payments-consumer-group,deposits-purchase-commands,0,0,0,0
2026-08-20T01:24:58,payments-consumer-group,deposits-payment-events,0,22,12536,12514
2026-08-20T01:24:58,payments-consumer-group,payments-events,0,0,0,0
2026-08-20T01:24:58,payments-consumer-group,payments-purchase-commands,0,0,0,0
2026-08-20T01:24:58,payments-consumer-group,deposits-events,0,9000,9000,0
2026-08-20T01:25:04,payments-consumer-group,deposits-commands,0,24280,24281,1
2026-08-20T01:25:04,payments-consumer-group,deposits-join-commands,0,0,0,0
2026-08-20T01:25:04,payments-consumer-group,deposits-purchase-commands,0,0,0,0
2026-08-20T01:25:04,payments-consumer-group,deposits-payment-events,0,22,12690,12668
2026-08-20T01:25:04,payments-consumer-group,payments-events,0,0,0,0
2026-08-20T01:25:04,payments-consumer-group,payments-purchase-commands,0,0,0,0
2026-08-20T01:25:04,payments-consumer-group,deposits-events,0,9000,9000,0
2026-08-20T01:25:10,payments-consumer-group,deposits-commands,0,24461,24461,0
2026-08-20T01:25:10,payments-consumer-group,deposits-join-commands,0,0,0,0
2026-08-20T01:25:10,payments-consumer-group,deposits-purchase-commands,0,0,0,0
2026-08-20T01:25:10,payments-consumer-group,deposits-payment-events,0,22,12841,12819
2026-08-20T01:25:10,payments-consumer-group,payments-events,0,0,0,0
2026-08-20T01:25:10,payments-consumer-group,payments-purchase-commands,0,0,0,0
2026-08-20T01:25:10,payments-consumer-group,deposits-events,0,9000,9000,0
2026-08-20T01:25:16,payments-consumer-group,deposits-commands,0,24641,24642,1
2026-08-20T01:25:16,payments-consumer-group,deposits-join-commands,0,0,0,0
2026-08-20T01:25:16,payments-consumer-group,deposits-purchase-commands,0,0,0,0
2026-08-20T01:25:16,payments-consumer-group,deposits-payment-events,0,22,12988,12966
2026-08-20T01:25:16,payments-consumer-group,payments-events,0,0,0,0
2026-08-20T01:25:16,payments-consumer-group,payments-purchase-commands,0,0,0,0
2026-08-20T01:25:16,payments-consumer-group,deposits-events,0,9000,9000,0
2026-08-20T01:25:22,payments-consumer-group,deposits-commands,0,24821,24821,0
2026-08-20T01:25:22,payments-consumer-group,deposits-join-commands,0,0,0,0
2026-08-20T01:25:22,payments-consumer-group,deposits-purchase-commands,0,0,0,0
2026-08-20T01:25:22,payments-consumer-group,deposits-payment-events,0,22,13135,13113
2026-08-20T01:25:22,payments-consumer-group,payments-events,0,0,0,0
2026-08-20T01:25:22,payments-consumer-group,payments-purchase-commands,0,0,0,0
2026-08-20T01:25:22,payments-consumer-group,deposits-events,0,9000,9000,0
2026-08-20T01:25:28,payments-consumer-group,deposits-commands,0,25002,25003,1
2026-08-20T01:25:28,payments-consumer-group,deposits-join-commands,0,0,0,0
2026-08-20T01:25:28,payments-consumer-group,deposits-purchase-commands,0,0,0,0
2026-08-20T01:25:28,payments-consumer-group,deposits-payment-events,0,23,13277,13254
2026-08-20T01:25:28,payments-consumer-group,payments-events,0,0,0,0
2026-08-20T01:25:28,payments-consumer-group,payments-purchase-commands,0,0,0,0
2026-08-20T01:25:28,payments-consumer-group,deposits-events,0,9000,9000,0
2026-08-20T01:25:34,payments-consumer-group,deposits-commands,0,25183,25183,0
2026-08-20T01:25:34,payments-consumer-group,deposits-join-commands,0,0,0,0
2026-08-20T01:25:34,payments-consumer-group,deposits-purchase-commands,0,0,0,0
2026-08-20T01:25:34,payments-consumer-group,deposits-payment-events,0,23,13427,13404
2026-08-20T01:25:34,payments-consumer-group,payments-events,0,0,0,0
2026-08-20T01:25:34,payments-consumer-group,payments-purchase-commands,0,0,0,0
2026-08-20T01:25:34,payments-consumer-group,deposits-events,0,9000,9000,0
2026-08-20T01:25:40,payments-consumer-group,deposits-commands,0,25364,25365,1
2026-08-20T01:25:40,payments-consumer-group,deposits-join-commands,0,0,0,0
2026-08-20T01:25:40,payments-consumer-group,deposits-purchase-commands,0,0,0,0
2026-08-20T01:25:40,payments-consumer-group,deposits-payment-events,0,23,13568,13545
2026-08-20T01:25:40,payments-consumer-group,payments-events,0,0,0,0
2026-08-20T01:25:40,payments-consumer-group,payments-purchase-commands,0,0,0,0
2026-08-20T01:25:40,payments-consumer-group,deposits-events,0,9000,9000,0
2026-08-20T01:25:46,payments-consumer-group,deposits-commands,0,25546,25546,0
2026-08-20T01:25:46,payments-consumer-group,deposits-join-commands,0,0,0,0
2026-08-20T01:25:46,payments-consumer-group,deposits-purchase-commands,0,0,0,0
2026-08-20T01:25:46,payments-consumer-group,deposits-payment-events,0,23,13720,13697
2026-08-20T01:25:46,payments-consumer-group,payments-events,0,0,0,0
2026-08-20T01:25:46,payments-consumer-group,payments-purchase-commands,0,0,0,0
2026-08-20T01:25:46,payments-consumer-group,deposits-events,0,9000,9000,0
2026-08-20T01:25:52,payments-consumer-group,deposits-commands,0,25726,25726,0
2026-08-20T01:25:52,payments-consumer-group,deposits-join-commands,0,0,0,0
2026-08-20T01:25:52,payments-consumer-group,deposits-purchase-commands,0,0,0,0
2026-08-20T01:25:52,payments-consumer-group,deposits-payment-events,0,23,13873,13850
2026-08-20T01:25:52,payments-consumer-group,payments-events,0,0,0,0
2026-08-20T01:25:52,payments-consumer-group,payments-purchase-commands,0,0,0,0
2026-08-20T01:25:52,payments-consumer-group,deposits-events,0,9000,9000,0
2026-08-20T01:25:58,payments-consumer-group,deposits-commands,0,25906,25907,1
2026-08-20T01:25:58,payments-consumer-group,deposits-join-commands,0,0,0,0
2026-08-20T01:25:58,payments-consumer-group,deposits-purchase-commands,0,0,0,0
2026-08-20T01:25:58,payments-consumer-group,deposits-payment-events,0,23,14031,14008
2026-08-20T01:25:58,payments-consumer-group,payments-events,0,0,0,0
2026-08-20T01:25:58,payments-consumer-group,payments-purchase-commands,0,0,0,0
2026-08-20T01:25:58,payments-consumer-group,deposits-events,0,9000,9000,0
2026-08-20T01:26:05,payments-consumer-group,deposits-commands,0,26087,26087,0
2026-08-20T01:26:05,payments-consumer-group,deposits-join-commands,0,0,0,0
2026-08-20T01:26:05,payments-consumer-group,deposits-purchase-commands,0,0,0,0
2026-08-20T01:26:05,payments-consumer-group,deposits-payment-events,0,24,14183,14159
2026-08-20T01:26:05,payments-consumer-group,payments-events,0,0,0,0
2026-08-20T01:26:05,payments-consumer-group,payments-purchase-commands,0,0,0,0
2026-08-20T01:26:05,payments-consumer-group,deposits-events,0,9000,9000,0
2026-08-20T01:26:11,payments-consumer-group,deposits-commands,0,26267,26268,1
2026-08-20T01:26:11,payments-consumer-group,deposits-join-commands,0,0,0,0
2026-08-20T01:26:11,payments-consumer-group,deposits-purchase-commands,0,0,0,0
2026-08-20T01:26:11,payments-consumer-group,deposits-payment-events,0,24,14323,14299
2026-08-20T01:26:11,payments-consumer-group,payments-events,0,0,0,0
2026-08-20T01:26:11,payments-consumer-group,payments-purchase-commands,0,0,0,0
2026-08-20T01:26:11,payments-consumer-group,deposits-events,0,9000,9000,0
2026-08-20T01:26:17,payments-consumer-group,deposits-commands,0,26448,26448,0
2026-08-20T01:26:17,payments-consumer-group,deposits-join-commands,0,0,0,0
2026-08-20T01:26:17,payments-consumer-group,deposits-purchase-commands,0,0,0,0
2026-08-20T01:26:17,payments-consumer-group,deposits-payment-events,0,24,14472,14448
2026-08-20T01:26:17,payments-consumer-group,payments-events,0,0,0,0
2026-08-20T01:26:17,payments-consumer-group,payments-purchase-commands,0,0,0,0
2026-08-20T01:26:17,payments-consumer-group,deposits-events,0,9000,9000,0
2026-08-20T01:26:23,payments-consumer-group,deposits-commands,0,26629,26629,0
2026-08-20T01:26:23,payments-consumer-group,deposits-join-commands,0,0,0,0
2026-08-20T01:26:23,payments-consumer-group,deposits-purchase-commands,0,0,0,0
2026-08-20T01:26:23,payments-consumer-group,deposits-payment-events,0,24,14623,14599
2026-08-20T01:26:23,payments-consumer-group,payments-events,0,0,0,0
2026-08-20T01:26:23,payments-consumer-group,payments-purchase-commands,0,0,0,0
2026-08-20T01:26:23,payments-consumer-group,deposits-events,0,9000,9000,0
2026-08-20T01:26:29,payments-consumer-group,deposits-commands,0,26809,26810,1
2026-08-20T01:26:29,payments-consumer-group,deposits-join-commands,0,0,0,0
2026-08-20T01:26:29,payments-consumer-group,deposits-purchase-commands,0,0,0,0
2026-08-20T01:26:29,payments-consumer-group,deposits-payment-events,0,24,14768,14744
2026-08-20T01:26:29,payments-consumer-group,payments-events,0,0,0,0
2026-08-20T01:26:29,payments-consumer-group,payments-purchase-commands,0,0,0,0
2026-08-20T01:26:29,payments-consumer-group,deposits-events,0,9000,9000,0
2026-08-20T01:26:35,payments-consumer-group,deposits-commands,0,26989,26990,1
2026-08-20T01:26:35,payments-consumer-group,deposits-join-commands,0,0,0,0
2026-08-20T01:26:35,payments-consumer-group,deposits-purchase-commands,0,0,0,0
2026-08-20T01:26:35,payments-consumer-group,deposits-payment-events,0,25,14917,14892
2026-08-20T01:26:35,payments-consumer-group,payments-events,0,0,0,0
2026-08-20T01:26:35,payments-consumer-group,payments-purchase-commands,0,0,0,0
2026-08-20T01:26:35,payments-consumer-group,deposits-events,0,9000,9000,0
2026-08-20T01:26:41,payments-consumer-group,deposits-commands,0,27177,27177,0
2026-08-20T01:26:41,payments-consumer-group,deposits-join-commands,0,0,0,0
2026-08-20T01:26:41,payments-consumer-group,deposits-purchase-commands,0,0,0,0
2026-08-20T01:26:41,payments-consumer-group,deposits-payment-events,0,25,15069,15044
2026-08-20T01:26:41,payments-consumer-group,payments-events,0,0,0,0
2026-08-20T01:26:41,payments-consumer-group,payments-purchase-commands,0,0,0,0
2026-08-20T01:26:41,payments-consumer-group,deposits-events,0,9000,9000,0
2026-08-20T01:26:47,payments-consumer-group,deposits-commands,0,27358,27358,0
2026-08-20T01:26:47,payments-consumer-group,deposits-join-commands,0,0,0,0
2026-08-20T01:26:47,payments-consumer-group,deposits-purchase-commands,0,0,0,0
2026-08-20T01:26:47,payments-consumer-group,deposits-payment-events,0,25,15218,15193
2026-08-20T01:26:47,payments-consumer-group,payments-events,0,0,0,0
2026-08-20T01:26:47,payments-consumer-group,payments-purchase-commands,0,0,0,0
2026-08-20T01:26:47,payments-consumer-group,deposits-events,0,9000,9000,0
2026-08-20T01:26:53,payments-consumer-group,deposits-commands,0,27538,27539,1
2026-08-20T01:26:53,payments-consumer-group,deposits-join-commands,0,0,0,0
2026-08-20T01:26:53,payments-consumer-group,deposits-purchase-commands,0,0,0,0
2026-08-20T01:26:53,payments-consumer-group,deposits-payment-events,0,25,15371,15346
2026-08-20T01:26:53,payments-consumer-group,payments-events,0,0,0,0
2026-08-20T01:26:53,payments-consumer-group,payments-purchase-commands,0,0,0,0
2026-08-20T01:26:53,payments-consumer-group,deposits-events,0,9000,9000,0
2026-08-20T01:26:59,payments-consumer-group,deposits-commands,0,27719,27720,1
2026-08-20T01:26:59,payments-consumer-group,deposits-join-commands,0,0,0,0
2026-08-20T01:26:59,payments-consumer-group,deposits-purchase-commands,0,0,0,0
2026-08-20T01:26:59,payments-consumer-group,deposits-payment-events,0,25,15530,15505
2026-08-20T01:26:59,payments-consumer-group,payments-events,0,0,0,0
2026-08-20T01:26:59,payments-consumer-group,payments-purchase-commands,0,0,0,0
2026-08-20T01:26:59,payments-consumer-group,deposits-events,0,9000,9000,0
2026-08-20T01:27:05,payments-consumer-group,deposits-commands,0,27900,27900,0
2026-08-20T01:27:05,payments-consumer-group,deposits-join-commands,0,0,0,0
2026-08-20T01:27:05,payments-consumer-group,deposits-purchase-commands,0,0,0,0
2026-08-20T01:27:05,payments-consumer-group,deposits-payment-events,0,26,15681,15655
2026-08-20T01:27:05,payments-consumer-group,payments-events,0,0,0,0
2026-08-20T01:27:05,payments-consumer-group,payments-purchase-commands,0,0,0,0
2026-08-20T01:27:05,payments-consumer-group,deposits-events,0,9000,9000,0
2026-08-20T01:27:11,payments-consumer-group,deposits-commands,0,28080,28080,0
2026-08-20T01:27:11,payments-consumer-group,deposits-join-commands,0,0,0,0
2026-08-20T01:27:11,payments-consumer-group,deposits-purchase-commands,0,0,0,0
2026-08-20T01:27:11,payments-consumer-group,deposits-payment-events,0,26,15833,15807
2026-08-20T01:27:11,payments-consumer-group,payments-events,0,0,0,0
2026-08-20T01:27:11,payments-consumer-group,payments-purchase-commands,0,0,0,0
2026-08-20T01:27:11,payments-consumer-group,deposits-events,0,9000,9000,0
2026-08-20T01:27:17,payments-consumer-group,deposits-commands,0,28262,28262,0
2026-08-20T01:27:17,payments-consumer-group,deposits-join-commands,0,0,0,0
2026-08-20T01:27:17,payments-consumer-group,deposits-purchase-commands,0,0,0,0
2026-08-20T01:27:17,payments-consumer-group,deposits-payment-events,0,26,15983,15957
2026-08-20T01:27:17,payments-consumer-group,payments-events,0,0,0,0
2026-08-20T01:27:17,payments-consumer-group,payments-purchase-commands,0,0,0,0
2026-08-20T01:27:17,payments-consumer-group,deposits-events,0,9000,9000,0
2026-08-20T01:27:23,payments-consumer-group,deposits-commands,0,28443,28444,1
2026-08-20T01:27:23,payments-consumer-group,deposits-join-commands,0,0,0,0
2026-08-20T01:27:23,payments-consumer-group,deposits-purchase-commands,0,0,0,0
2026-08-20T01:27:23,payments-consumer-group,deposits-payment-events,0,26,16129,16103
2026-08-20T01:27:23,payments-consumer-group,payments-events,0,0,0,0
2026-08-20T01:27:23,payments-consumer-group,payments-purchase-commands,0,0,0,0
2026-08-20T01:27:23,payments-consumer-group,deposits-events,0,9000,9000,0
2026-08-20T01:27:29,payments-consumer-group,deposits-commands,0,28624,28624,0
2026-08-20T01:27:29,payments-consumer-group,deposits-join-commands,0,0,0,0
2026-08-20T01:27:29,payments-consumer-group,deposits-purchase-commands,0,0,0,0
2026-08-20T01:27:29,payments-consumer-group,deposits-payment-events,0,26,16276,16250
2026-08-20T01:27:29,payments-consumer-group,payments-events,0,0,0,0
2026-08-20T01:27:29,payments-consumer-group,payments-purchase-commands,0,0,0,0
2026-08-20T01:27:29,payments-consumer-group,deposits-events,0,9000,9000,0
2026-08-20T01:27:35,payments-consumer-group,deposits-commands,0,28805,28806,1
2026-08-20T01:27:35,payments-consumer-group,deposits-join-commands,0,0,0,0
2026-08-20T01:27:35,payments-consumer-group,deposits-purchase-commands,0,0,0,0
2026-08-20T01:27:35,payments-consumer-group,deposits-payment-events,0,27,16435,16408
2026-08-20T01:27:35,payments-consumer-group,payments-events,0,0,0,0
2026-08-20T01:27:35,payments-consumer-group,payments-purchase-commands,0,0,0,0
2026-08-20T01:27:35,payments-consumer-group,deposits-events,0,9000,9000,0
2026-08-20T01:27:41,payments-consumer-group,deposits-commands,0,28986,28987,1
2026-08-20T01:27:41,payments-consumer-group,deposits-join-commands,0,0,0,0
2026-08-20T01:27:41,payments-consumer-group,deposits-purchase-commands,0,0,0,0
2026-08-20T01:27:41,payments-consumer-group,deposits-payment-events,0,27,16585,16558
2026-08-20T01:27:41,payments-consumer-group,payments-events,0,0,0,0
2026-08-20T01:27:41,payments-consumer-group,payments-purchase-commands,0,0,0,0
2026-08-20T01:27:41,payments-consumer-group,deposits-events,0,9000,9000,0
2026-08-20T01:27:47,payments-consumer-group,deposits-commands,0,29168,29168,0
2026-08-20T01:27:47,payments-consumer-group,deposits-join-commands,0,0,0,0
2026-08-20T01:27:47,payments-consumer-group,deposits-purchase-commands,0,0,0,0
2026-08-20T01:27:47,payments-consumer-group,deposits-payment-events,0,27,16731,16704
2026-08-20T01:27:47,payments-consumer-group,payments-events,0,0,0,0
2026-08-20T01:27:47,payments-consumer-group,payments-purchase-commands,0,0,0,0
2026-08-20T01:27:47,payments-consumer-group,deposits-events,0,9000,9000,0
2026-08-20T01:27:53,payments-consumer-group,deposits-commands,0,29349,29349,0
2026-08-20T01:27:53,payments-consumer-group,deposits-join-commands,0,0,0,0
2026-08-20T01:27:53,payments-consumer-group,deposits-purchase-commands,0,0,0,0
2026-08-20T01:27:53,payments-consumer-group,deposits-payment-events,0,27,16879,16852
2026-08-20T01:27:53,payments-consumer-group,payments-events,0,0,0,0
2026-08-20T01:27:53,payments-consumer-group,payments-purchase-commands,0,0,0,0
2026-08-20T01:27:53,payments-consumer-group,deposits-events,0,9000,9000,0
2026-08-20T01:27:59,payments-consumer-group,deposits-commands,0,29529,29529,0
2026-08-20T01:27:59,payments-consumer-group,deposits-join-commands,0,0,0,0
2026-08-20T01:27:59,payments-consumer-group,deposits-purchase-commands,0,0,0,0
2026-08-20T01:27:59,payments-consumer-group,deposits-payment-events,0,27,17030,17003
2026-08-20T01:27:59,payments-consumer-group,payments-events,0,0,0,0
2026-08-20T01:27:59,payments-consumer-group,payments-purchase-commands,0,0,0,0
2026-08-20T01:27:59,payments-consumer-group,deposits-events,0,9000,9000,0
2026-08-20T01:28:05,payments-consumer-group,deposits-commands,0,29711,29711,0
2026-08-20T01:28:05,payments-consumer-group,deposits-join-commands,0,0,0,0
2026-08-20T01:28:05,payments-consumer-group,deposits-purchase-commands,0,0,0,0
2026-08-20T01:28:05,payments-consumer-group,deposits-payment-events,0,27,17186,17159
2026-08-20T01:28:05,payments-consumer-group,payments-events,0,0,0,0
2026-08-20T01:28:05,payments-consumer-group,payments-purchase-commands,0,0,0,0
2026-08-20T01:28:05,payments-consumer-group,deposits-events,0,9000,9000,0
2026-08-20T01:28:11,payments-consumer-group,deposits-commands,0,29892,29893,1
2026-08-20T01:28:11,payments-consumer-group,deposits-join-commands,0,0,0,0
2026-08-20T01:28:11,payments-consumer-group,deposits-purchase-commands,0,0,0,0
2026-08-20T01:28:11,payments-consumer-group,deposits-payment-events,0,28,17330,17302
2026-08-20T01:28:11,payments-consumer-group,payments-events,0,0,0,0
2026-08-20T01:28:11,payments-consumer-group,payments-purchase-commands,0,0,0,0
2026-08-20T01:28:11,payments-consumer-group,deposits-events,0,9000,9000,0
2026-08-20T01:28:17,payments-consumer-group,deposits-commands,0,30073,30074,1
2026-08-20T01:28:17,payments-consumer-group,deposits-join-commands,0,0,0,0
2026-08-20T01:28:17,payments-consumer-group,deposits-purchase-commands,0,0,0,0
2026-08-20T01:28:17,payments-consumer-group,deposits-payment-events,0,28,17484,17456
2026-08-20T01:28:17,payments-consumer-group,payments-events,0,0,0,0
2026-08-20T01:28:17,payments-consumer-group,payments-purchase-commands,0,0,0,0
2026-08-20T01:28:17,payments-consumer-group,deposits-events,0,9000,9000,0
2026-08-20T01:28:23,payments-consumer-group,deposits-commands,0,30254,30255,1
2026-08-20T01:28:23,payments-consumer-group,deposits-join-commands,0,0,0,0
2026-08-20T01:28:23,payments-consumer-group,deposits-purchase-commands,0,0,0,0
2026-08-20T01:28:23,payments-consumer-group,deposits-payment-events,0,28,17631,17603
2026-08-20T01:28:23,payments-consumer-group,payments-events,0,0,0,0
2026-08-20T01:28:23,payments-consumer-group,payments-purchase-commands,0,0,0,0
2026-08-20T01:28:23,payments-consumer-group,deposits-events,0,9000,9000,0
2026-08-20T01:28:29,payments-consumer-group,deposits-commands,0,30435,30435,0
2026-08-20T01:28:29,payments-consumer-group,deposits-join-commands,0,0,0,0
2026-08-20T01:28:29,payments-consumer-group,deposits-purchase-commands,0,0,0,0
2026-08-20T01:28:29,payments-consumer-group,deposits-payment-events,0,28,17785,17757
2026-08-20T01:28:29,payments-consumer-group,payments-events,0,0,0,0
2026-08-20T01:28:29,payments-consumer-group,payments-purchase-commands,0,0,0,0
2026-08-20T01:28:29,payments-consumer-group,deposits-events,0,9000,9000,0
2026-08-20T01:28:35,payments-consumer-group,deposits-commands,0,30614,30614,0
2026-08-20T01:28:35,payments-consumer-group,deposits-join-commands,0,0,0,0
2026-08-20T01:28:35,payments-consumer-group,deposits-purchase-commands,0,0,0,0
2026-08-20T01:28:35,payments-consumer-group,deposits-payment-events,0,28,17933,17905
2026-08-20T01:28:35,payments-consumer-group,payments-events,0,0,0,0
2026-08-20T01:28:35,payments-consumer-group,payments-purchase-commands,0,0,0,0
2026-08-20T01:28:35,payments-consumer-group,deposits-events,0,9000,9000,0
2026-08-20T01:28:41,payments-consumer-group,deposits-commands,0,30794,30794,0
2026-08-20T01:28:41,payments-consumer-group,deposits-join-commands,0,0,0,0
2026-08-20T01:28:41,payments-consumer-group,deposits-purchase-commands,0,0,0,0
2026-08-20T01:28:41,payments-consumer-group,deposits-payment-events,0,29,18083,18054
2026-08-20T01:28:41,payments-consumer-group,payments-events,0,0,0,0
2026-08-20T01:28:41,payments-consumer-group,payments-purchase-commands,0,0,0,0
2026-08-20T01:28:41,payments-consumer-group,deposits-events,0,9000,9000,0
2026-08-20T01:28:47,payments-consumer-group,deposits-commands,0,30974,30975,1
2026-08-20T01:28:47,payments-consumer-group,deposits-join-commands,0,0,0,0
2026-08-20T01:28:47,payments-consumer-group,deposits-purchase-commands,0,0,0,0
2026-08-20T01:28:47,payments-consumer-group,deposits-payment-events,0,29,18230,18201
2026-08-20T01:28:47,payments-consumer-group,payments-events,0,0,0,0
2026-08-20T01:28:47,payments-consumer-group,payments-purchase-commands,0,0,0,0
2026-08-20T01:28:47,payments-consumer-group,deposits-events,0,9000,9000,0
2026-08-20T01:28:53,payments-consumer-group,deposits-commands,0,31155,31155,0
2026-08-20T01:28:53,payments-consumer-group,deposits-join-commands,0,0,0,0
2026-08-20T01:28:53,payments-consumer-group,deposits-purchase-commands,0,0,0,0
2026-08-20T01:28:53,payments-consumer-group,deposits-payment-events,0,29,18378,18349
2026-08-20T01:28:53,payments-consumer-group,payments-events,0,0,0,0
2026-08-20T01:28:53,payments-consumer-group,payments-purchase-commands,0,0,0,0
2026-08-20T01:28:53,payments-consumer-group,deposits-events,0,9000,9000,0
2026-08-20T01:28:59,payments-consumer-group,deposits-commands,0,31334,31334,0
2026-08-20T01:28:59,payments-consumer-group,deposits-join-commands,0,0,0,0
2026-08-20T01:28:59,payments-consumer-group,deposits-purchase-commands,0,0,0,0
2026-08-20T01:28:59,payments-consumer-group,deposits-payment-events,0,29,18527,18498
2026-08-20T01:28:59,payments-consumer-group,payments-events,0,0,0,0
2026-08-20T01:28:59,payments-consumer-group,payments-purchase-commands,0,0,0,0
2026-08-20T01:28:59,payments-consumer-group,deposits-events,0,9000,9000,0
2026-08-20T01:29:05,payments-consumer-group,deposits-commands,0,31514,31515,1
2026-08-20T01:29:05,payments-consumer-group,deposits-join-commands,0,0,0,0
2026-08-20T01:29:05,payments-consumer-group,deposits-purchase-commands,0,0,0,0
2026-08-20T01:29:05,payments-consumer-group,deposits-payment-events,0,29,18667,18638
2026-08-20T01:29:05,payments-consumer-group,payments-events,0,0,0,0
2026-08-20T01:29:05,payments-consumer-group,payments-purchase-commands,0,0,0,0
2026-08-20T01:29:05,payments-consumer-group,deposits-events,0,9000,9000,0
2026-08-20T01:29:11,payments-consumer-group,deposits-commands,0,31695,31696,1
2026-08-20T01:29:11,payments-consumer-group,deposits-join-commands,0,0,0,0
2026-08-20T01:29:11,payments-consumer-group,deposits-purchase-commands,0,0,0,0
2026-08-20T01:29:11,payments-consumer-group,deposits-payment-events,0,30,18822,18792
2026-08-20T01:29:11,payments-consumer-group,payments-events,0,0,0,0
2026-08-20T01:29:11,payments-consumer-group,payments-purchase-commands,0,0,0,0
2026-08-20T01:29:11,payments-consumer-group,deposits-events,0,9000,9000,0
2026-08-20T01:29:17,payments-consumer-group,deposits-commands,0,31876,31876,0
2026-08-20T01:29:17,payments-consumer-group,deposits-join-commands,0,0,0,0
2026-08-20T01:29:17,payments-consumer-group,deposits-purchase-commands,0,0,0,0
2026-08-20T01:29:17,payments-consumer-group,deposits-payment-events,0,30,18973,18943
2026-08-20T01:29:17,payments-consumer-group,payments-events,0,0,0,0
2026-08-20T01:29:17,payments-consumer-group,payments-purchase-commands,0,0,0,0
2026-08-20T01:29:17,payments-consumer-group,deposits-events,0,9000,9000,0
2026-08-20T01:29:24,payments-consumer-group,deposits-commands,0,32056,32057,1
2026-08-20T01:29:24,payments-consumer-group,deposits-join-commands,0,0,0,0
2026-08-20T01:29:24,payments-consumer-group,deposits-purchase-commands,0,0,0,0
2026-08-20T01:29:24,payments-consumer-group,deposits-payment-events,0,30,19123,19093
2026-08-20T01:29:24,payments-consumer-group,payments-events,0,0,0,0
2026-08-20T01:29:24,payments-consumer-group,payments-purchase-commands,0,0,0,0
2026-08-20T01:29:24,payments-consumer-group,deposits-events,0,9000,9000,0
2026-08-20T01:29:30,payments-consumer-group,deposits-commands,0,32236,32237,1
2026-08-20T01:29:30,payments-consumer-group,deposits-join-commands,0,0,0,0
2026-08-20T01:29:30,payments-consumer-group,deposits-purchase-commands,0,0,0,0
2026-08-20T01:29:30,payments-consumer-group,deposits-payment-events,0,30,19271,19241
2026-08-20T01:29:30,payments-consumer-group,payments-events,0,0,0,0
2026-08-20T01:29:30,payments-consumer-group,payments-purchase-commands,0,0,0,0
2026-08-20T01:29:30,payments-consumer-group,deposits-events,0,9000,9000,0
2026-08-20T01:29:36,payments-consumer-group,deposits-commands,0,32416,32416,0
2026-08-20T01:29:36,payments-consumer-group,deposits-join-commands,0,0,0,0
2026-08-20T01:29:36,payments-consumer-group,deposits-purchase-commands,0,0,0,0
2026-08-20T01:29:36,payments-consumer-group,deposits-payment-events,0,30,19411,19381
2026-08-20T01:29:36,payments-consumer-group,payments-events,0,0,0,0
2026-08-20T01:29:36,payments-consumer-group,payments-purchase-commands,0,0,0,0
2026-08-20T01:29:36,payments-consumer-group,deposits-events,0,9000,9000,0
2026-08-20T01:29:42,payments-consumer-group,deposits-commands,0,32596,32596,0
2026-08-20T01:29:42,payments-consumer-group,deposits-join-commands,0,0,0,0
2026-08-20T01:29:42,payments-consumer-group,deposits-purchase-commands,0,0,0,0
2026-08-20T01:29:42,payments-consumer-group,deposits-payment-events,0,31,19568,19537
2026-08-20T01:29:42,payments-consumer-group,payments-events,0,0,0,0
2026-08-20T01:29:42,payments-consumer-group,payments-purchase-commands,0,0,0,0
2026-08-20T01:29:42,payments-consumer-group,deposits-events,0,9000,9000,0
2026-08-20T01:29:47,payments-consumer-group,deposits-commands,0,32775,32775,0
2026-08-20T01:29:47,payments-consumer-group,deposits-join-commands,0,0,0,0
2026-08-20T01:29:47,payments-consumer-group,deposits-purchase-commands,0,0,0,0
2026-08-20T01:29:47,payments-consumer-group,deposits-payment-events,0,31,19723,19692
2026-08-20T01:29:47,payments-consumer-group,payments-events,0,0,0,0
2026-08-20T01:29:47,payments-consumer-group,payments-purchase-commands,0,0,0,0
2026-08-20T01:29:47,payments-consumer-group,deposits-events,0,9000,9000,0
2026-08-20T01:29:53,payments-consumer-group,deposits-commands,0,32955,32955,0
2026-08-20T01:29:53,payments-consumer-group,deposits-join-commands,0,0,0,0
2026-08-20T01:29:53,payments-consumer-group,deposits-purchase-commands,0,0,0,0
2026-08-20T01:29:53,payments-consumer-group,deposits-payment-events,0,31,19870,19839
2026-08-20T01:29:53,payments-consumer-group,payments-events,0,0,0,0
2026-08-20T01:29:53,payments-consumer-group,payments-purchase-commands,0,0,0,0
2026-08-20T01:29:53,payments-consumer-group,deposits-events,0,9000,9000,0
2026-08-20T01:29:59,payments-consumer-group,deposits-commands,0,33136,33136,0
2026-08-20T01:29:59,payments-consumer-group,deposits-join-commands,0,0,0,0
2026-08-20T01:29:59,payments-consumer-group,deposits-purchase-commands,0,0,0,0
2026-08-20T01:29:59,payments-consumer-group,deposits-payment-events,0,31,20014,19983
2026-08-20T01:29:59,payments-consumer-group,payments-events,0,0,0,0
2026-08-20T01:29:59,payments-consumer-group,payments-purchase-commands,0,0,0,0
2026-08-20T01:29:59,payments-consumer-group,deposits-events,0,9000,9000,0
2026-08-20T01:30:06,payments-consumer-group,deposits-commands,0,33316,33316,0
2026-08-20T01:30:06,payments-consumer-group,deposits-join-commands,0,0,0,0
2026-08-20T01:30:06,payments-consumer-group,deposits-purchase-commands,0,0,0,0
2026-08-20T01:30:06,payments-consumer-group,deposits-payment-events,0,31,20167,20136
2026-08-20T01:30:06,payments-consumer-group,payments-events,0,0,0,0
2026-08-20T01:30:06,payments-consumer-group,payments-purchase-commands,0,0,0,0
2026-08-20T01:30:06,payments-consumer-group,deposits-events,0,9000,9000,0
2026-08-20T01:30:11,payments-consumer-group,deposits-commands,0,33496,33496,0
2026-08-20T01:30:11,payments-consumer-group,deposits-join-commands,0,0,0,0
2026-08-20T01:30:11,payments-consumer-group,deposits-purchase-commands,0,0,0,0
2026-08-20T01:30:11,payments-consumer-group,deposits-payment-events,0,31,20322,20291
2026-08-20T01:30:11,payments-consumer-group,payments-events,0,0,0,0
2026-08-20T01:30:11,payments-consumer-group,payments-purchase-commands,0,0,0,0
2026-08-20T01:30:11,payments-consumer-group,deposits-events,0,9000,9000,0
2026-08-20T01:30:17,payments-consumer-group,deposits-commands,0,33676,33676,0
2026-08-20T01:30:17,payments-consumer-group,deposits-join-commands,0,0,0,0
2026-08-20T01:30:17,payments-consumer-group,deposits-purchase-commands,0,0,0,0
2026-08-20T01:30:17,payments-consumer-group,deposits-payment-events,0,32,20468,20436
2026-08-20T01:30:17,payments-consumer-group,payments-events,0,0,0,0
2026-08-20T01:30:17,payments-consumer-group,payments-purchase-commands,0,0,0,0
2026-08-20T01:30:17,payments-consumer-group,deposits-events,0,9000,9000,0
2026-08-20T01:30:23,payments-consumer-group,deposits-commands,0,33857,33857,0
2026-08-20T01:30:23,payments-consumer-group,deposits-join-commands,0,0,0,0
2026-08-20T01:30:23,payments-consumer-group,deposits-purchase-commands,0,0,0,0
2026-08-20T01:30:23,payments-consumer-group,deposits-payment-events,0,32,20619,20587
2026-08-20T01:30:23,payments-consumer-group,payments-events,0,0,0,0
2026-08-20T01:30:23,payments-consumer-group,payments-purchase-commands,0,0,0,0
2026-08-20T01:30:23,payments-consumer-group,deposits-events,0,9000,9000,0
2026-08-20T01:30:30,payments-consumer-group,deposits-commands,0,34037,34038,1
2026-08-20T01:30:30,payments-consumer-group,deposits-join-commands,0,0,0,0
2026-08-20T01:30:30,payments-consumer-group,deposits-purchase-commands,0,0,0,0
2026-08-20T01:30:30,payments-consumer-group,deposits-payment-events,0,32,20763,20731
2026-08-20T01:30:30,payments-consumer-group,payments-events,0,0,0,0
2026-08-20T01:30:30,payments-consumer-group,payments-purchase-commands,0,0,0,0
2026-08-20T01:30:30,payments-consumer-group,deposits-events,0,9000,9000,0
2026-08-20T01:30:36,payments-consumer-group,deposits-commands,0,34218,34219,1
2026-08-20T01:30:36,payments-consumer-group,deposits-join-commands,0,0,0,0
2026-08-20T01:30:36,payments-consumer-group,deposits-purchase-commands,0,0,0,0
2026-08-20T01:30:36,payments-consumer-group,deposits-payment-events,0,32,20914,20882
2026-08-20T01:30:36,payments-consumer-group,payments-events,0,0,0,0
2026-08-20T01:30:36,payments-consumer-group,payments-purchase-commands,0,0,0,0
2026-08-20T01:30:36,payments-consumer-group,deposits-events,0,9000,9000,0
2026-08-20T01:30:42,payments-consumer-group,deposits-commands,0,34399,34400,1
2026-08-20T01:30:42,payments-consumer-group,deposits-join-commands,0,0,0,0
2026-08-20T01:30:42,payments-consumer-group,deposits-purchase-commands,0,0,0,0
2026-08-20T01:30:42,payments-consumer-group,deposits-payment-events,0,32,21062,21030
2026-08-20T01:30:42,payments-consumer-group,payments-events,0,0,0,0
2026-08-20T01:30:42,payments-consumer-group,payments-purchase-commands,0,0,0,0
2026-08-20T01:30:42,payments-consumer-group,deposits-events,0,9000,9000,0
2026-08-20T01:30:48,payments-consumer-group,deposits-commands,0,34580,34580,0
2026-08-20T01:30:48,payments-consumer-group,deposits-join-commands,0,0,0,0
2026-08-20T01:30:48,payments-consumer-group,deposits-purchase-commands,0,0,0,0
2026-08-20T01:30:48,payments-consumer-group,deposits-payment-events,0,33,21212,21179
2026-08-20T01:30:48,payments-consumer-group,payments-events,0,0,0,0
2026-08-20T01:30:48,payments-consumer-group,payments-purchase-commands,0,0,0,0
2026-08-20T01:30:48,payments-consumer-group,deposits-events,0,9000,9000,0
2026-08-20T01:30:54,payments-consumer-group,deposits-commands,0,34760,34761,1
2026-08-20T01:30:54,payments-consumer-group,deposits-join-commands,0,0,0,0
2026-08-20T01:30:54,payments-consumer-group,deposits-purchase-commands,0,0,0,0
2026-08-20T01:30:54,payments-consumer-group,deposits-payment-events,0,33,21358,21325
2026-08-20T01:30:54,payments-consumer-group,payments-events,0,0,0,0
2026-08-20T01:30:54,payments-consumer-group,payments-purchase-commands,0,0,0,0
2026-08-20T01:30:54,payments-consumer-group,deposits-events,0,9000,9000,0
2026-08-20T01:31:00,payments-consumer-group,deposits-commands,0,34941,34941,0
2026-08-20T01:31:00,payments-consumer-group,deposits-join-commands,0,0,0,0
2026-08-20T01:31:00,payments-consumer-group,deposits-purchase-commands,0,0,0,0
2026-08-20T01:31:00,payments-consumer-group,deposits-payment-events,0,33,21499,21466
2026-08-20T01:31:00,payments-consumer-group,payments-events,0,0,0,0
2026-08-20T01:31:00,payments-consumer-group,payments-purchase-commands,0,0,0,0
2026-08-20T01:31:00,payments-consumer-group,deposits-events,0,9000,9000,0
2026-08-20T01:31:06,payments-consumer-group,deposits-commands,0,35121,35121,0
2026-08-20T01:31:06,payments-consumer-group,deposits-join-commands,0,0,0,0
2026-08-20T01:31:06,payments-consumer-group,deposits-purchase-commands,0,0,0,0
2026-08-20T01:31:06,payments-consumer-group,deposits-payment-events,0,33,21651,21618
2026-08-20T01:31:06,payments-consumer-group,payments-events,0,0,0,0
2026-08-20T01:31:06,payments-consumer-group,payments-purchase-commands,0,0,0,0
2026-08-20T01:31:06,payments-consumer-group,deposits-events,0,9000,9000,0
2026-08-20T01:31:12,payments-consumer-group,deposits-commands,0,35301,35302,1
2026-08-20T01:31:12,payments-consumer-group,deposits-join-commands,0,0,0,0
2026-08-20T01:31:12,payments-consumer-group,deposits-purchase-commands,0,0,0,0
2026-08-20T01:31:12,payments-consumer-group,deposits-payment-events,0,33,21802,21769
2026-08-20T01:31:12,payments-consumer-group,payments-events,0,0,0,0
2026-08-20T01:31:12,payments-consumer-group,payments-purchase-commands,0,0,0,0
2026-08-20T01:31:12,payments-consumer-group,deposits-events,0,9000,9000,0
2026-08-20T01:31:18,payments-consumer-group,deposits-commands,0,35481,35482,1
2026-08-20T01:31:18,payments-consumer-group,deposits-join-commands,0,0,0,0
2026-08-20T01:31:18,payments-consumer-group,deposits-purchase-commands,0,0,0,0
2026-08-20T01:31:18,payments-consumer-group,deposits-payment-events,0,34,21938,21904
2026-08-20T01:31:18,payments-consumer-group,payments-events,0,0,0,0
2026-08-20T01:31:18,payments-consumer-group,payments-purchase-commands,0,0,0,0
2026-08-20T01:31:18,payments-consumer-group,deposits-events,0,9000,9000,0
2026-08-20T01:31:24,payments-consumer-group,deposits-commands,0,35662,35663,1
2026-08-20T01:31:24,payments-consumer-group,deposits-join-commands,0,0,0,0
2026-08-20T01:31:24,payments-consumer-group,deposits-purchase-commands,0,0,0,0
2026-08-20T01:31:24,payments-consumer-group,deposits-payment-events,0,34,22084,22050
2026-08-20T01:31:24,payments-consumer-group,payments-events,0,0,0,0
2026-08-20T01:31:24,payments-consumer-group,payments-purchase-commands,0,0,0,0
2026-08-20T01:31:24,payments-consumer-group,deposits-events,0,9000,9000,0
2026-08-20T01:31:30,payments-consumer-group,deposits-commands,0,35842,35843,1
2026-08-20T01:31:30,payments-consumer-group,deposits-join-commands,0,0,0,0
2026-08-20T01:31:30,payments-consumer-group,deposits-purchase-commands,0,0,0,0
2026-08-20T01:31:30,payments-consumer-group,deposits-payment-events,0,34,22236,22202
2026-08-20T01:31:30,payments-consumer-group,payments-events,0,0,0,0
2026-08-20T01:31:30,payments-consumer-group,payments-purchase-commands,0,0,0,0
2026-08-20T01:31:30,payments-consumer-group,deposits-events,0,9000,9000,0
2026-08-20T01:31:36,payments-consumer-group,deposits-commands,0,36022,36023,1
2026-08-20T01:31:36,payments-consumer-group,deposits-join-commands,0,0,0,0
2026-08-20T01:31:36,payments-consumer-group,deposits-purchase-commands,0,0,0,0
2026-08-20T01:31:36,payments-consumer-group,deposits-payment-events,0,34,22381,22347
2026-08-20T01:31:36,payments-consumer-group,payments-events,0,0,0,0
2026-08-20T01:31:36,payments-consumer-group,payments-purchase-commands,0,0,0,0
2026-08-20T01:31:36,payments-consumer-group,deposits-events,0,9000,9000,0
2026-08-20T01:31:42,payments-consumer-group,deposits-commands,0,36203,36203,0
2026-08-20T01:31:42,payments-consumer-group,deposits-join-commands,0,0,0,0
2026-08-20T01:31:42,payments-consumer-group,deposits-purchase-commands,0,0,0,0
2026-08-20T01:31:42,payments-consumer-group,deposits-payment-events,0,34,22535,22501
2026-08-20T01:31:42,payments-consumer-group,payments-events,0,0,0,0
2026-08-20T01:31:42,payments-consumer-group,payments-purchase-commands,0,0,0,0
2026-08-20T01:31:42,payments-consumer-group,deposits-events,0,9000,9000,0
